split,overall_chance,question_count
test,0.31700350665950505,1183
train,0.316870168259167,8281
val,0.31658811539365594,2366
